Eq_Latitude,Eq_Longitude,Depth,Magnitude,City
31.0451,-8.4611,10,4.2,Agadir
30.9061,-8.4769,10,4.9,Agadir
31.0643,-8.3907,25.978,6.8,Agadir
35.0303,-3.9547,15.028,4.5,Agadir
35.0177,-3.8262,10,4.4,Ahfir
35.0455,-3.8846,10,4.1,Aïn Beni Mathar
34.9885,-3.8382,10,4.4,Aïn Leuh
34.995,-3.9009,10,4.9,Al Aaroui
30.3325,-9.5904,10,4.1,Al Aaroui
35.5367,-3.4806,10,4.4,Al Aaroui
35.4546,-3.6108,10,4.3,Al Aaroui
35.4758,-3.5546,10,4.3,Al Aaroui
35.3062,-4.0765,10,4.3,Al Aaroui
35.4713,-3.4838,15.504,4.5,Al Aaroui
35.2919,-3.6514,10,4.9,Al Aaroui
35.5593,-3.4635,10,4,Al Aaroui
35.4414,-3.6393,10,4,Al Aaroui
35.4923,-3.5369,10,4.1,Al Aaroui
35.4506,-3.6166,10,4,Al Aaroui
35.6277,-3.4835,10,4.5,Al Aaroui
35.3156,-3.5996,10,4.4,Al Aaroui
35.4408,-3.5561,10,4.1,Al Aaroui
35.4589,-3.477,10,4.2,Al Aaroui
35.5087,-3.8224,10,4.3,Al Aaroui
35.5086,-3.6711,11.69,4.3,Al Aaroui
35.5318,-3.6604,11.12,4.2,Al Aaroui
33.2582,-4.2807,10,4.2,Al Aaroui
35.3652,-3.7794,10,4.3,Al Aaroui
35.1559,-3.896,10,4.8,Al Aaroui
35.4969,-3.6974,10,4,Al Aaroui
35.3958,-3.4733,10,4.2,Al Aaroui
35.4828,-3.6101,10,4.2,Al Aaroui
35.4448,-3.6889,10,4,Al Aaroui
35.4853,-3.5403,10,5.3,Al Aaroui
35.4578,-3.6295,10,4.3,Al Aaroui
35.4442,-3.6231,10,4.4,Al Aaroui
35.553,-3.9634,10,4.5,Al Aaroui
35.4993,-3.6941,10,4.3,Al Aaroui
35.2794,-3.6453,10,4.6,Al Aaroui
35.4397,-3.6282,10,4.4,Al Aaroui
35.3962,-3.7318,18.08,4.4,Al Aaroui
35.4995,-3.5835,10,4.7,Al Aaroui
35.5354,-3.7349,10,4.5,Al Aaroui
35.4548,-3.6342,10,4.3,Al Aaroui
35.4151,-3.6628,10,4.4,Al Aaroui
35.3374,-3.7105,10,4.3,Al Aaroui
35.4606,-3.5802,5.25,4.6,Al Aaroui
35.4452,-3.6289,10,4.3,Al Aaroui
31.8191,-10.2808,10,4.2,Al Aaroui
35.5541,-5.3362,10,4.3,Al Aaroui
35.4251,-3.8678,10,4.8,Al Aaroui
34.3852,-4.9715,10,4.5,Al Aaroui
32.6752,-4.2435,10,4.3,Al Aaroui
32.5946,-4.2595,10,4.2,Al Aaroui
32.6609,-4.2534,10,5,Al Aaroui
33.9511,-11.501,10,4,Al Aaroui
34.8752,-4.5637,59.4,4.3,Al Aaroui
30.8465,-7.3287,10,3.8,Al Aaroui
32.5435,-4.5132,10,4.3,Al Aaroui
33.4516,-2.8606,10,4.3,Al Aaroui
30.2546,-9.8262,10,4.4,Al Aaroui
33.5258,-11.4314,13.51,4.6,Al Aaroui
35.5244,-3.7976,10,4.3,Al Aaroui
35.4893,-3.8335,10,4.2,Al Aaroui
35.6679,-3.5522,10,4.2,Al Aaroui
35.7179,-3.701,10,4.1,Al Aaroui
35.6879,-3.634,10,5.2,Al Aaroui
35.4791,-3.6897,10,4.2,Al Aaroui
35.6643,-3.5879,10,4.9,Al Aaroui
35.6221,-3.5757,10,4.8,Al Aaroui
35.854,-3.7957,10,4.3,Al Aaroui
35.6577,-3.6245,10,4.6,Al Aaroui
35.6992,-3.5952,10,5,Al Aaroui
35.7077,-3.6625,10,4.2,Al Aaroui
35.6773,-3.5733,10,4.8,Al Aaroui
35.4857,-3.7849,10,5,Al Aaroui
35.5718,-3.5728,11.72,4.3,Al Aaroui
35.6949,-3.5641,10,4.7,Al Aaroui
35.6866,-3.6285,10,4.8,Al Aaroui
35.7366,-3.5222,10,4.6,Al Aaroui
35.7375,-3.5108,10,5.1,Al Aaroui
35.3652,-3.8782,8.47,4.2,Al Aaroui
35.6181,-3.8796,10,4.3,Al Aaroui
35.5909,-3.7731,10,4.4,Al Aaroui
35.6091,-3.7462,10,4,Al Aaroui
35.4566,-3.8528,10,4.2,Al Aaroui
35.4263,-3.8032,10,4.1,Al Aaroui
35.452,-3.821,10,4.5,Al Aaroui
35.5796,-3.7851,10,4.3,Al Aaroui
35.6728,-3.568,10,4.9,Al Aaroui
35.5265,-3.6992,10,4.5,Al Aaroui
35.4901,-3.9411,1.2,4.1,Al Aaroui
35.5913,-3.7694,10,4.1,Al Aaroui
35.5363,-3.7839,10,4.3,Al Aaroui
35.739,-3.5856,10,4.9,Al Aaroui
35.4901,-3.7475,21.43,4.4,Al Aaroui
35.5453,-3.6703,10,4.7,Al Aaroui
35.6955,-3.6741,10,4.1,Al Aaroui
35.4917,-3.8394,10,4.2,Al Aaroui
35.5051,-3.8783,10,5.2,Al Aaroui
35.4764,-3.7734,10,5.1,Al Aaroui
35.4992,-3.8211,10,4.2,Al Aaroui
35.6749,-3.7449,10,4.7,Al Aaroui
35.6805,-3.723,10,5.3,Al Aaroui
35.5953,-3.8166,10,5,Al Aaroui
35.6493,-3.6818,12,6.3,Al Aaroui
35.6247,-3.6499,10,5.1,Al Aaroui
34.896,-2.8022,5,4.3,Al Aaroui
30.2995,-9.6366,16.12,4.1,Al Aaroui
35.7398,-4.4709,111.35,4.1,Al Aaroui
34.9249,-4.4305,18.67,4.4,Al Aaroui
31.0564,-8.7735,10,4.8,Al Aaroui
34.999,-2.9655,7.5,4.1,Al Aaroui
35.929,-3.545,0,4.4,Al Aaroui
33.6607,-4.9973,17.89,4.2,Al Aaroui
32.2895,-6.2519,10,4,Al Aaroui
34.9512,-10.1239,10,4.2,Al Aaroui
33.6872,-5.1015,10,4.2,Al Aaroui
33.8008,-4.1299,18.26,4.2,Al Aaroui
34.2111,-4.9098,10.04,4.6,Al Aaroui
35.4835,-7.0328,34.84,4.8,Al Aaroui
35.245,-4.1921,10,4.2,Al Aaroui
32.417,-5.379,10.4,4.5,Al Aaroui
34.703,-2.173,8.1,4.1,Al Aaroui
33.358,-5.037,10,4.3,Al Aaroui
34.413,-5.534,10,4.2,Al Aaroui
35.557,-4.5,10,4.2,Al Aaroui
32.011,-5.912,7.9,4.5,Al Aaroui
32.257,-5.698,10,4.6,Al Aaroui
35.269,-6.226,10,4.8,Al Aaroui
34.714,-5.527,15.6,4.1,Al Aaroui
34.936,-5.504,27.1,4.2,Al Aaroui
34.857,-5.568,10,4.5,Al Aaroui
32.703,-7.26,17,3.8,Al Aaroui
31.997,-6.078,16.6,4.5,Al Aaroui
31.351,-9.368,16.7,4.2,Al Aaroui
35.717,-4.656,76.8,3.3,Al Aaroui
34.443,-1.988,0,3.3,Al Aaroui
35.303,-4.07,0,2.9,Al Aaroui
33.669,-5.89,10,3.4,Al Aaroui
34.405,-4.475,0,3.6,Al Aaroui
35.528,-7.052,26.4,4,Al Aaroui
35.137,-2.057,0,3.1,Al Aaroui
34.551,-5.5,0,3.9,Al Aaroui
35.806,-4.65,86.8,2.9,Al Aaroui
33.877,-6.003,0,3.5,Al Aaroui
32.496,-4.767,10,3.7,Al Aaroui
34.807,-4.736,25.7,3.6,Al Aaroui
34.848,-3.065,9.6,3.6,Al Aaroui
35.807,-6.292,25.2,2.9,Al Aaroui
34.878,-4.273,0,3,Al Aaroui
34.736,-4.296,0,3,Al Aaroui
34.511,-5.564,10,3.7,Al Aaroui
32.142,-1.356,0,4,Al Aaroui
34.942,-3.066,0,3.6,Al Aaroui
35.018,-3.217,0,3.1,Al Aaroui
35.07,-4.014,10,2.9,Al Aaroui
34.774,-5.892,0,3,Al Aaroui
32.213,-6.251,0,4.1,Al Aaroui
34.989,-3.912,17.9,3.5,Al Aaroui
35.015,-3.839,0,3.5,Al Aaroui
35.346,-5.883,52.6,3.6,Al Aaroui
35.837,-3.554,0,3,Al Aaroui
35.68,-3.492,10.7,4.8,Al Aaroui
34.756,-5.498,10,3.5,Al Aaroui
34.795,-4.102,0,3.2,Al Aaroui
32.179,-5.701,0,4,Al Aaroui
33.811,-5.616,10,3,Al Aaroui
33.173,-5.251,10,4.7,Al Aaroui
34.034,-3.66,0,2.9,Al Aaroui
31.479,-9.066,33.9,4,Al Aaroui
34.809,-3.85,0,3.6,Al Aaroui
34.721,-5.547,0,3.1,Al Aaroui
34.583,-5.611,0,3,Al Aaroui
34.635,-5.677,0,3.6,Al Aaroui
34.679,-5.542,0,3,Al Aaroui
32.882,-3.163,0,4,Al Aaroui
32.13,-5.706,2,3.3,Al Aaroui
34.262,-5.688,5.6,4.4,Al Aaroui
34.816,-4.165,10,3.8,Al Aaroui
35.354,-6.256,72.6,3.2,Al Aaroui
35.291,-6.219,73.9,4,Al Aaroui
34.359,-4.73,0,3.5,Al Aaroui
33.944,-5.879,0,3.3,Al Aaroui
35.117,-4.355,0,3.2,Al Aaroui
34.885,-4.411,0,3.4,Al Aaroui
34.39,-4.376,0,3,Al Aaroui
34.62,-4.308,20,3.6,Al Hoceima
35.019,-3.291,0,2.9,Al Hoceima
32.527,-3.504,0,3.8,Al Hoceima
35.158,-4.023,0,4.1,Al Hoceima
35.039,-3.886,1.2,3.5,Al Hoceima
32.497,-3.606,0,3.9,Al Hoceima
32.809,-3.716,0,3.9,Al Hoceima
32.638,-3.549,10,4.1,Al Hoceima
35.07,-4.06,0,3.1,Al Hoceima
30.5,-9.578,10,4.4,Al Hoceima
35.592,-6.368,58.6,3.3,Al Hoceima
32.565,-3.612,0,4,Al Hoceima
34.915,-3.761,2.3,3.9,Al Hoceima
34.963,-3.934,0,3.3,Al Hoceima
31.437,-7.077,0,3.8,Al Hoceima
35.358,-4.748,17.7,3.7,Al Hoceima
33.878,-6.076,0,4.3,Al Hoceima
34.402,-5.74,0,3.5,Al Hoceima
32.568,-3.878,58.4,4.4,Al Hoceima
35.373,-5.927,69.6,3.3,Al Hoceima
35.343,-5.877,64.6,3.7,Al Hoceima
34.992,-3.888,0,3.6,Al Hoceima
34.404,-4.852,0,3.7,Al Hoceima
31.86,-6.267,0,4.1,Al Hoceima
34.605,-9.802,0,4.5,Al Hoceima
35.076,-3.867,0,3.2,Al Hoceima
35.86,-3.967,0,3.6,Al Hoceima
34.98,-3.09,6.3,3.4,Al Hoceima
35.033,-2.987,10.2,3.5,Al Hoceima
35.05,-3.096,10.2,3.4,Al Hoceima
34.918,-2.978,8.6,3.3,Al Hoceima
34.975,-3.165,0,3,Al Hoceima
34.883,-3.02,0,3.6,Al Hoceima
34.583,-10.361,0,3.7,Al Hoceima
35.785,-4.674,68.6,3.1,Al Hoceima
35.701,-6.782,63.9,2.9,Al Hoceima
35.037,-3.063,23.5,3.1,Al Hoceima
35.244,-6,65.9,3.2,Al Hoceima
31.69,-5.943,0,4,Al Hoceima
33.804,-6.43,32.3,3.2,Al Hoceima
32.738,-5.501,10,4.5,Al Hoceima
34.997,-3.859,0,3.3,Al Hoceima
32.986,-5.453,0,3.8,Al Hoceima
34.863,-2.926,0,3.5,Al Hoceima
34.964,-3.882,0,3.4,Al Hoceima
34.82,-4.391,0,3.7,Al Hoceima
35.142,-3.872,51.7,3.7,Al Hoceima
35.048,-4.031,0,4.2,Al Hoceima
35.008,-4.388,0,3.2,Al Hoceima
34.724,-4.482,0,3.2,Al Hoceima
35.074,-4.085,0,3.1,Al Hoceima
32.822,-5.788,0,3.6,Al Hoceima
32.389,-6.197,10,4.4,Al Hoceima
35.747,-4.694,78.5,2.9,Al Hoceima
34.809,-3.866,15.6,3.6,Al Hoceima
35.174,-4.039,0,3.1,Al Hoceima
34.97,-4.045,0,2.9,Al Hoceima
34.877,-3.992,17.3,2.9,Al Hoceima
35.037,-4.066,0,3.2,Al Hoceima
35.071,-4.003,0,4.5,Al Hoceima
35.06,-4.039,0,3.3,Al Hoceima
35.124,-4.089,1.7,4.2,Al Hoceima
34.961,-3.03,4.2,3.7,Al Hoceima
34.472,-5.684,10,2.9,Al Hoceima
35.088,-3.847,0.5,2.9,Al Hoceima
34.995,-4.066,0,3.4,Al Hoceima
34.904,-4.059,0,3,Al Hoceima
33.641,-3.844,0,3.7,Al Hoceima
34.216,-4.975,0,3.1,Al Hoceima
34.176,-4.915,10,3.9,Al Hoceima
34.064,-4.94,0,3.5,Al Hoceima
34.021,-5.029,0,4,Al Hoceima
35.081,-3.988,0,3.2,Al Hoceima
35.333,-3.97,15,3.4,Al Hoceima
34.666,-5.722,0,3.9,Al Hoceima
34.655,-5.598,0,3.1,Al Hoceima
34.52,-5.727,0,3.9,Al Hoceima
34.607,-5.685,0,3.8,Al Hoceima
34.949,-3.009,3.1,3.1,Al Hoceima
35.242,-4.274,22,2.9,Al Hoceima
34.948,-2.14,14.1,3.4,Al Hoceima
35.546,-6.485,35,3.8,Al Hoceima
33.288,-6.781,0,3.4,Al Hoceima
34.984,-3.083,0,3.2,Al Hoceima
31.009,-8.566,10,4.2,Al Hoceima
33.716,-5.712,4,4.1,Al Hoceima
34.225,-5.19,0,3.2,Al Hoceima
34.837,-4.318,0,4,Al Hoceima
34.501,-5.13,0,3.3,Al Hoceima
35.243,-3.947,9.7,3.4,Al Hoceima
34.114,-5.036,0,3.5,Al Hoceima
34.596,-4.977,0,4.2,Al Hoceima
35.153,-5.146,0,3.2,Al Hoceima
35.083,-3.764,0,3.4,Al Hoceima
34.764,-3.784,27.9,3.6,Al Hoceima
34.781,-4.765,0,3.8,Al Hoceima
35.796,-4.515,83.7,3,Al Hoceima
35.121,-3.845,3.4,3.1,Al Hoceima
35.076,-3.18,0,3.3,Al Hoceima
35.032,-3.698,0,3.3,Al Hoceima
34.981,-3.813,0,3.2,Al Hoceima
35.01,-3.924,0,3.8,Al Hoceima
35.012,-3.897,0,3,Al Hoceima
34.952,-2.313,16.5,3.8,Al Hoceima
35.013,-3.854,0,3.5,Al Hoceima
35.066,-3.906,0,3,Al Hoceima
35.812,-4.617,66.6,3.4,Al Hoceima
34.669,-4.212,0,3.3,Al Hoceima
34.957,-2.936,2.8,3,Al Hoceima
34.986,-3.08,0,3.2,Al Hoceima
34.984,-3.027,3.5,3.2,Al Hoceima
34.965,-3.019,0,3.2,Al Hoceima
34.656,-4.372,0,3.4,Al Hoceima
35.108,-3.803,4,3.7,Al Hoceima
35.032,-3.847,2.1,3.3,Al Hoceima
35.702,-4.693,80.4,3,Al Hoceima
35.079,-4.021,0,3.4,Al Hoceima
34.864,-3.895,2.3,3.2,Al Hoceima
35.065,-3.788,10.9,3.7,Al Hoceima
34.714,-3.613,64.1,3.5,Al Hoceima
35.03,-4.062,0,3.4,Al Hoceima
35.23,-3.992,0,3.3,Al Hoceima
34.993,-6.04,0,3.2,Al Hoceima
35.32,-5.93,0,3,Al Hoceima
34.859,-4.718,0,3.4,Al Hoceima
34.521,-5.798,10,3.7,Al Hoceima
35.507,-3.858,0,3.1,Al Hoceima
35.141,-4.508,35.9,3.8,Al Hoceima
35.757,-3.499,0,3.5,Al Hoceima
34.963,-3.065,0,3.4,Al Hoceima
35.758,-3.497,0,4.3,Al Hoceima
35.179,-2.565,1.1,3.5,Al Hoceima
35.753,-3.499,0,3.4,Al Hoceima
35.07,-2.791,17.7,3.5,Al Hoceima
35.171,-2.531,0,3.7,Al Hoceima
35.205,-2.647,15.3,3.3,Al Hoceima
35.121,-4.024,0,2.9,Al Hoceima
35.132,-8.531,10,4.5,Al Hoceima
35.167,-4.006,0,3.5,Al Hoceima
35.097,-2.826,5,3,Al Hoceima
34.904,-2.71,19.3,3.9,Al Hoceima
35.088,-3.875,0,3.4,Al Hoceima
35.499,-5.842,0,3.6,Al Hoceima
35.068,-2.745,0,3.6,Al Hoceima
35.007,-2.596,11.7,3.8,Al Hoceima
35.363,-2.033,0,3.7,Al Hoceima
35.002,-3.9,0,3.2,Al Hoceima
34.905,-5.999,15.8,3.3,Al Hoceima
34.721,-5.897,17.5,4,Al Hoceima
35.654,-3.831,0,2.9,Al Hoceima
35.445,-4.148,0,2.9,Al Hoceima
34.985,-3.078,0,3.2,Al Hoceima
35.416,-3.832,0,3.6,Al Hoceima
35.491,-3.867,0,3.4,Al Hoceima
35.479,-3.851,0,3.4,Al Hoceima
35.24,-4.169,0,3.2,Al Hoceima
35.178,-3.848,0,3.1,Al Hoceima
35.086,-3.412,11.9,3.7,Al Hoceima
35.552,-3.861,0,3,Al Hoceima
35.121,-4.096,0,3.1,Al Hoceima
34.706,-4.134,0,3.4,Al Hoceima
35.477,-3.867,0,3.1,Al Hoceima
35.522,-3.865,0,3.2,Al Hoceima
35.416,-3.918,0,3.1,Al Hoceima
35.521,-4.335,0,2.9,Al Hoceima
35.504,-3.824,13.1,3.9,Al Hoceima
35.14,-3.847,9.4,3,Al Hoceima
35.511,-3.854,0,3.4,Al Hoceima
35.073,-3.87,0,3.4,Al Hoceima
35.208,-4.012,0,3.3,Al Hoceima
35.53,-3.898,0,3.1,Al Hoceima
35.179,-3.955,0,3.1,Al Hoceima
35.479,-3.996,0,3.4,Al Hoceima
35.48,-3.96,0,3.6,Al Hoceima
35.027,-3.169,0,3.1,Al Hoceima
34.99,-3.832,18.7,3.3,Al Hoceima
35.442,-3.969,0,3.2,Al Hoceima
35.148,-4.029,0,3.1,Al Hoceima
33.778,-5.814,0,3.3,Al Hoceima
35.333,-4.073,0,3.1,Al Hoceima
35.058,-3.848,0,3.3,Al Hoceima
35.083,-3.84,0,3.5,Al Hoceima
34.939,-3.759,0,3.4,Al Hoceima
34.812,-3.379,0,3.3,Al Hoceima
35.146,-3.969,0,3.2,Al Hoceima
34.89,-4.059,0,3.3,Al Hoceima
35.08,-3.85,0,3.3,Al Hoceima
35.463,-4.108,0,2.9,Al Hoceima
35.215,-4.002,0,3,Al Hoceima
35.005,-2.876,10.4,3.3,Al Hoceima
35.023,-3.113,0,3.2,Al Hoceima
34.945,-3.86,11.1,3.9,Al Hoceima
34.917,-3.06,1.8,3.4,Al Hoceima
35.065,-3.096,9.8,3.5,Al Hoceima
34.774,-3.991,0,3,Al Hoceima
35.034,-3.155,0,3.3,Al Hoceima
35.039,-3.134,0,3.1,Al Hoceima
34.717,-5.639,0,3.7,Al Hoceima
35.121,-3.217,0,3.3,Al Hoceima
35.035,-3.135,0,3,Al Hoceima
34.951,-3.063,4.1,3.1,Al Hoceima
34.931,-2.99,2.6,4.1,Al Hoceima
35.058,-3.074,13,3,Al Hoceima
35.073,-3.158,0,3.4,Al Hoceima
34.994,-2.989,9.3,3.6,Al Hoceima
35.062,-3.128,2.3,3,Al Hoceima
35.018,-2.976,15.6,3.3,Al Hoceima
34.939,-3.056,7.4,3.4,Al Hoceima
34.51,-4.084,0,3.3,Al Hoceima
35.092,-3.259,0,3.1,Al Hoceima
35.003,-3.048,5.2,3.6,Al Hoceima
35.003,-3.036,14.2,3.6,Al Hoceima
34.903,-2.96,0,4.2,Al Hoceima
35.051,-3.186,0,2.9,Al Hoceima
34.96,-3.026,1.7,3.6,Al Hoceima
34.929,-2.978,3.5,4.1,Al Hoceima
34.319,-4.112,19,4.3,Al Hoceima
34.991,-3.059,12.7,3.5,Al Hoceima
34.981,-2.938,11.2,3.6,Al Hoceima
34.966,-2.972,6,3.2,Al Hoceima
34.954,-2.927,4.9,3.4,Al Hoceima
35.046,-2.937,14.3,3.8,Al Hoceima
35.072,-3.878,0,3.2,Al Hoceima
35.028,-2.914,19.5,3.5,Al Hoceima
35.163,-3.87,0,3.1,Al Hoceima
35.076,-4.088,0,3,Al Hoceima
34.998,-3.108,2.1,3.9,Al Hoceima
33.035,-5.116,74.8,3,Al Hoceima
34.981,-3.137,0,2.9,Al Hoceima
35.303,-4.009,9.6,3.3,Al Hoceima
35.103,-2.563,0,3.1,Al Hoceima
35.002,-3.108,2.2,3.4,Al Hoceima
34.986,-3,4.4,4.3,Al Hoceima
34.935,-2.992,0,3.4,Al Hoceima
35.203,-3.938,9,3.5,Al Hoceima
34.992,-3.835,0,3.3,Al Hoceima
35,-3.063,3,3.1,Al Hoceima
34.932,-3.94,0,3.3,Al Hoceima
35.028,-3.906,0,3.3,Al Hoceima
35.048,-3.915,0,3.2,Al Hoceima
35.696,-4.789,67.5,3.6,Al Hoceima
34.801,-9.752,20,3.9,Al Hoceima
34.972,-3.04,0,3.4,Al Hoceima
35.009,-3.147,0,3.3,Al Hoceima
34.892,-2.872,0,3.5,Al Hoceima
35.155,-3.954,0.2,3.1,Al Hoceima
34.998,-2.912,15.2,3.5,Al Hoceima
34.978,-2.953,11.8,3.4,Al Hoceima
35.033,-3.944,0,3,Al Hoceima
35.062,-3.862,0,3.3,Al Hoceima
34.854,-2.947,0,4.1,Al Hoceima
35.222,-3.815,0,3.3,Al Hoceima
34.055,-6.391,0,3.7,Al Hoceima
35.027,-4.517,0,3,Al Hoceima
34.983,-2.973,12,3.2,Al Hoceima
35.105,-2.929,11.2,3,Al Hoceima
35.126,-4.051,0,3.2,Al Hoceima
35.099,-3.188,0,3.2,Al Hoceima
35.696,-4.991,56.6,3.6,Al Hoceima
35.07,-3.039,11,3,Al Hoceima
35.199,-3.85,0,2.9,Al Hoceima
35.086,-3.172,0,3.1,Al Hoceima
34.922,-5.376,30,3.1,Al Hoceima
35.432,-4.095,0,3,Al Hoceima
34.977,-2.965,10.7,3.7,Al Hoceima
35,-3.08,0,4.4,Al Hoceima
35.065,-3.049,7.9,3.7,Al Hoceima
34.114,-5.631,0,3.8,Al Hoceima
34.999,-2.914,9.2,3.4,Al Hoceima
34.997,-3.094,9.4,3.1,Al Hoceima
35.259,-4.188,12.6,3.9,Al Hoceima
35.361,-4.316,1.2,3.1,Al Hoceima
35.037,-3.939,0,3.6,Al Hoceima
35.065,-4.022,0,3,Al Hoceima
35.16,-3.207,0,3.3,Al Hoceima
35.039,-3.148,0,3.6,Al Hoceima
35.045,-3.156,0,3.4,Al Hoceima
35.096,-3.198,0,3.1,Al Hoceima
34.887,-3.018,10,4,Al Hoceima
35.037,-3.144,0,3.3,Al Hoceima
34.987,-3.141,0,3.4,Al Hoceima
34.942,-2.956,9.5,3.1,Al Hoceima
35.014,-3.093,0,3,Al Hoceima
35.088,-3.172,0,2.9,Al Hoceima
35.025,-3.055,7.3,3.8,Al Hoceima
35.03,-3.147,0,3.6,Al Hoceima
35.022,-2.977,16.5,3.5,Al Hoceima
34.968,-3.077,1.8,4.3,Al Hoceima
34.926,-3.073,0,3.4,Al Hoceima
35.102,-3.16,0,3.2,Al Hoceima
35.035,-3.101,0,3.7,Al Hoceima
34.909,-2.982,0,3.1,Al Hoceima
35.055,-3.172,0,3,Al Hoceima
35.087,-3.154,10,3,Al Hoceima
35.028,-3.174,0,3.4,Al Hoceima
34.923,-4.271,0,2.9,Al Hoceima
35.154,-3.156,0,3.1,Al Hoceima
35.076,-3.189,0,3.3,Al Hoceima
35.071,-4.053,0,3.3,Al Hoceima
35.105,-3.193,0,2.9,Al Hoceima
34.949,-3.005,0,3.6,Al Hoceima
34.998,-3.125,0,3.4,Al Hoceima
35.054,-3.166,0,3.6,Al Hoceima
35.063,-3.122,0,3.2,Al Hoceima
34.964,-3.04,0,3.3,Al Hoceima
34.978,-3.06,0,3.5,Al Hoceima
35.382,-4.195,0,3.2,Al Hoceima
35.005,-3.06,4.6,3.8,Al Hoceima
34.732,-3.021,0,3.2,Al Hoceima
34.998,-3.041,8.1,3.3,Al Hoceima
35.008,-3.087,3.4,3.5,Al Hoceima
35.026,-3.013,12,3.3,Al Hoceima
34.958,-3.051,1.8,3.5,Al Hoceima
35.058,-3.077,12.1,3,Al Hoceima
34.969,-3.059,1.8,3.5,Al Hoceima
35.164,-3.093,5.1,3.2,Al Hoceima
35.018,-3.116,0,3.5,Al Hoceima
34.949,-3.078,5.3,3.5,Al Hoceima
34.893,-2.83,0,3.3,Al Hoceima
34.992,-3.026,5.2,3.5,Al Hoceima
35.095,-3.155,0,3.5,Al Hoceima
34.957,-3.055,0,3.7,Al Hoceima
34.932,-3.042,10,4.3,Al Hoceima
35.004,-3.044,0,3.5,Al Hoceima
34.951,-2.997,0,3.8,Al Hoceima
34.951,-3.034,0,3.5,Al Hoceima
35.113,-3.201,0,3.1,Al Hoceima
34.962,-3.096,0,3.1,Al Hoceima
35.002,-3.089,0,3.9,Al Hoceima
35.06,-3.174,0,3.1,Al Hoceima
35.005,-3.14,0,3.2,Al Hoceima
34.965,-3.037,0,3.5,Al Hoceima
34.947,-3.066,0,3.8,Al Hoceima
34.954,-3.001,0,3.1,Al Hoceima
34.984,-3.138,0,3.1,Al Hoceima
35.061,-3.188,0,3.3,Al Hoceima
35.034,-3.177,0,3,Al Hoceima
35.006,-3.124,0,3.1,Al Hoceima
35.104,-3.223,0,3.1,Al Hoceima
35.043,-3.11,0,3.5,Al Hoceima
34.959,-3.007,0,4.6,Al Hoceima
34.969,-3.083,0,3.3,Al Hoceima
35.047,-3.16,0,3.1,Al Hoceima
34.986,-3.147,0,3.3,Al Hoceima
35.002,-3.104,0,4.3,Al Hoceima
34.94,-2.924,0,3,Al Hoceima
34.919,-2.981,0,3.5,Al Hoceima
35.038,-3.016,0,2.9,Al Hoceima
34.952,-2.983,0,3.5,Al Hoceima
34.98,-3.06,0,3.3,Al Hoceima
34.925,-2.969,0,4.3,Al Hoceima
35.013,-2.995,8.8,3.4,Al Hoceima
35.057,-2.903,18.9,2.9,Al Hoceima
34.963,-3.005,5.5,3.3,Al Hoceima
34.992,-3.093,0,3.3,Al Hoceima
34.969,-2.958,0,3.1,Al Hoceima
34.975,-3.009,0,3.1,Al Hoceima
34.952,-3.062,0,3.1,Al Hoceima
34.927,-3.019,0,3.8,Al Hoceima
34.972,-3.053,0,4,Al Hoceima
35.053,-3.175,0,3.1,Al Hoceima
35.017,-2.947,0,3.2,Al Hoceima
35.079,-3.107,0,3,Al Hoceima
34.952,-2.98,0,3.8,Al Hoceima
35.04,-2.953,9.3,3.3,Al Hoceima
35.008,-3.075,0,3.3,Al Hoceima
34.972,-3.112,0,3.3,Al Hoceima
35.078,-3.132,0,3.3,Al Hoceima
35.151,-3.162,0,3.1,Al Hoceima
34.903,-2.901,0,3.6,Al Hoceima
35.059,-3.145,0,3.2,Al Hoceima
34.973,-3.032,0,3,Al Hoceima
34.999,-3.124,0,3.4,Al Hoceima
35.036,-3.145,10,5.1,Al Hoceima
34.984,-3.055,0,3.9,Al Hoceima
35.004,-3.056,0,3.5,Al Hoceima
34.992,-3.039,0,3.5,Al Hoceima
35.007,-3.095,1.4,3.9,Al Hoceima
34.923,-2.978,0,3.4,Al Hoceima
34.981,-2.999,0,3.6,Al Hoceima
34.934,-3.022,0,4.4,Al Hoceima
34.977,-3.048,0.3,4,Al Hoceima
34.993,-3.088,0,3.5,Al Hoceima
34.955,-2.987,8.4,3.8,Al Hoceima
34.964,-3.07,0,3.1,Al Hoceima
35.101,-3.167,0,3,Al Hoceima
34.965,-3.047,0,3.7,Al Hoceima
35.026,-3.108,0,2.9,Al Hoceima
34.905,-2.857,0,3.2,Al Hoceima
35.009,-3.06,4.5,3.6,Al Hoceima
35.055,-3.122,0,2.9,Al Hoceima
35.001,-3.091,0,3.7,Al Hoceima
35.059,-3.172,0,2.9,Al Hoceima
35.148,-3.193,0,2.9,Al Hoceima
34.978,-2.97,10,3.5,Al Hoceima
35.071,-3.164,0,3.1,Al Hoceima
35.181,-3.168,0,3.1,Al Hoceima
34.976,-2.943,17.7,3.2,Al Hoceima
34.942,-3.038,0,3.1,Al Hoceima
34.961,-2.986,5.7,4.1,Al Hoceima
35.008,-3.118,0,3.3,Al Hoceima
35.028,-3.033,13.5,4.9,Al Hoceima
34.962,-3.093,0,3.7,Al Hoceima
35.059,-3.085,0,3.4,Al Hoceima
35.074,-3.163,0,3.3,Al Hoceima
34.976,-3.079,0,3.7,Al Hoceima
35.032,-3.145,0,3.3,Al Hoceima
34.996,-2.986,6.4,3.7,Al Hoceima
35.538,-4.337,0,2.9,Al Hoceima
35.403,-3.616,0,3.4,Al Hoceima
35.519,-4.034,3.7,3.4,Al Hoceima
34.812,-3.65,29.7,3.2,Al Hoceima
35.002,-4.585,33.1,4.2,Al Hoceima
34.9,-5.767,19,4,Al Hoceima
34.788,-4.037,28.6,3.2,Al Hoceima
35.084,-3.852,0,3,Arfoud
35.148,-4.011,0,3.7,Arfoud
34.871,-4.461,26.1,3.9,Arfoud
35.185,-3.976,23.7,3.7,Asilah
35.064,-4.018,0,3.4,Asilah
35.13,-3.863,0,3.4,Asilah
34.866,-5.749,0,3.2,Asilah
34.886,-3.831,0,3.2,Asilah
34.859,-3.861,0,3.1,Asilah
35.735,-4.752,67.9,3,Asilah
34.993,-3.871,0,3.4,Asilah
35.038,-3.855,0,3.5,Asilah
34.97,-4.022,4.5,3.7,Asilah
35.142,-3.995,0,3.4,Asilah
34.984,-4.077,0,3.9,Asilah
34.959,-4.008,23.5,3.8,Asilah
35.053,-4.035,0,3,Asilah
35.203,-3.983,0,3.6,Asilah
35.11,-4.094,10,4.5,Asilah
35.219,-4.001,0,3.1,Asilah
34.936,-3.816,12.3,3.4,Asilah
35.082,-3.862,8.7,3.5,Asilah
35.074,-3.879,0,3.2,Asilah
35.123,-4.27,0,3.4,Asilah
34.803,-5.619,0,3.5,Azrou
34.591,-4.216,0,3.5,Azrou
35.259,-4.081,0,3.4,Azrou
35.192,-3.962,0,3.9,Azrou
35.052,-3.856,0,3.1,Beni Mellal
35.008,-3.891,0,3.2,Beni Mellal
35.119,-4.019,0,3.4,Beni Mellal
35.77,-4.616,70.2,3.1,Berkane
35.633,-6.839,65.7,3.4,Berkane
35.014,-3.887,0,3.3,Berkane
34.866,-3.887,0,4.5,Bni Bouayach
34.981,-3.955,16.4,3.6,Bni Bouayach
35.375,-4.086,0,3.4,Bni Bouayach
35.156,-4.052,0,4.2,Bni Bouayach
35.235,-4.338,0,3.5,Bni Bouayach
35.183,-5.793,75.1,3.9,Bni Bouayach
35.033,-4.045,0,3.5,Bni Bouayach
35.121,-4.124,0,3.4,Bni Bouayach
35.162,-4.182,10,3,Bni Bouayach
35.186,-4.028,0,3.8,Bni Bouayach
35.354,-4.062,0,3.3,Bni Bouayach
34.838,-4.115,34.2,4,Bni Bouayach
35.161,-4.065,0,4.4,Bni Bouayach
34.977,-4.1,0,3.6,Bni Bouayach
35.226,-4.214,0,3.3,Bni Bouayach
34.765,-4.074,0,3.4,Bni Bouayach
34.878,-3.842,0,3.4,Bni Bouayach
30.865,-7.374,0,3.9,Bni Bouayach
35.129,-4.071,0,3.2,Bni Bouayach
35.03,-4.101,0,3.1,Bni Bouayach
35.079,-4,0,3.8,Bni Bouayach
34.935,-4.268,49.4,3.3,Bni Bouayach
35.064,-3.827,0,3.1,Bni Bouayach
35.029,-5.017,36,3,Bni Bouayach
35.268,-4.246,0,3.4,Bni Bouayach
35.073,-4.063,0,3,Bni Bouayach
35.055,-3.848,0,3.4,Bni Bouayach
35.384,-3.954,0,3.2,Bni Bouayach
34.964,-3.883,0,3.1,Bni Bouayach
34.926,-3.868,0,3.3,Bni Bouayach
34.936,-3.876,3.9,4.1,Bni Bouayach
35.442,-3.819,10,3.3,Bni Bouayach
35.359,-3.866,17.5,3.4,Bni Bouayach
35.315,-3.839,30.4,3.5,Bni Bouayach
35.444,-3.851,0,3.2,Bni Bouayach
35.118,-4.286,59,2.9,Bni Bouayach
34.704,-3.991,0,3.6,Bni Bouayach
35.247,-4.234,0,3.8,Bni Bouayach
35.189,-4.283,0,3.5,Bni Bouayach
34.949,-3.916,0,2.9,Bni Bouayach
35.157,-3.971,0,4.1,Bni Bouayach
34.981,-3.855,0,2.9,Bni Bouayach
35.157,-4.404,21.1,3.9,Bni Bouayach
35.114,-4.173,0,3.5,Bni Bouayach
34.779,-9.601,10,4.2,Bni Bouayach
35.092,-3.513,0,3.3,Bni Bouayach
35.005,-3.51,0,3.1,Bni Bouayach
35.04,-3.997,0,3.6,Bni Bouayach
35.022,-4.018,0,3.1,Bni Bouayach
35.159,-4.001,0,3.5,Bni Bouayach
35.626,-5.599,10,3.7,Bni Bouayach
35.35,-3.845,0,3.2,Bni Bouayach
35.301,-3.921,0,3.5,Bni Bouayach
35.129,-4.251,0,3.5,Bni Bouayach
34.958,-4.073,0,2.9,Bni Bouayach
34.979,-4.039,0,3.4,Bni Bouayach
35.098,-4.234,0,3.3,Bni Bouayach
34.949,-4.267,40.1,3.6,Bni Bouayach
35.157,-4.015,0,4.4,Bni Bouayach
35.003,-3.984,0,3.3,Bni Bouayach
35.214,-3.999,0,3.5,Bni Bouayach
34.642,-3.872,0,3.2,Bni Bouayach
34.925,-3.84,0,3.3,Bni Bouayach
35.143,-4.139,0,3.2,Bni Bouayach
35.083,-3.99,0,4,Bni Bouayach
35.02,-3.995,0,3.4,Bni Bouayach
35.231,-4.024,0,3.4,Bni Bouayach
35.104,-2.632,2.7,3.7,Bni Bouayach
35.158,-4.193,0,3.3,Bni Bouayach
35.324,-4.245,0,3,Bni Bouayach
35.21,-4.244,7.9,3.2,Bni Bouayach
35.102,-3.948,11.5,3.8,Bni Bouayach
35.442,-3.77,0,3.4,Bni Bouayach
35.185,-3.999,0,3.3,Bni Bouayach
35.291,-4.228,0,3.5,Bni Bouayach
35.184,-4.131,7,3.4,Bni Bouayach
34.868,-3.882,0,3.6,Bni Bouayach
35.108,-3.839,0,2.9,Bni Bouayach
34.79,-3.766,16.1,3.7,Bni Bouayach
35.081,-4.175,12.1,3.5,Bni Bouayach
34.74,-2.73,0,3.5,Bni Bouayach
35.426,-3.84,0,3.3,Bni Bouayach
35.437,-3.788,0,3.6,Bni Bouayach
35.151,-3.92,0,3.4,Bni Bouayach
35.036,-4.045,0,3,Bni Bouayach
35.123,-3.943,0,3.1,Bni Bouayach
34.947,-3.894,17.6,3.1,Bni Bouayach
35.048,-3.908,0,3.3,Bni Bouayach
35.222,-4.151,0,3.2,Bni Bouayach
35.029,-4.021,0,3.5,Bni Bouayach
35.432,-4.173,0,3.2,Bni Bouayach
35.014,-3.996,0,3.5,Bni Bouayach
34.994,-3.82,0,3.8,Bni Bouayach
35.221,-4.095,0,3.5,Bni Bouayach
35.48,-3.849,0,3.2,Bni Bouayach
35.211,-4.003,0,3.4,Bni Bouayach
35.139,-3.799,0,3.4,Bni Bouayach
35.276,-3.938,0,3.6,Bni Bouayach
35.129,-3.955,0,3.4,Bni Bouayach
35.199,-4.273,0,3.4,Bni Bouayach
35.194,-4.239,0,3.5,Bni Bouayach
34.972,-2.479,18,3.5,Bni Bouayach
35.031,-3.815,0,3.8,Bni Bouayach
35.171,-4.007,0,3.2,Bni Bouayach
35.192,-4.09,0,3.1,Bni Bouayach
34.993,-3.915,0,3.5,Bni Bouayach
35.211,-4.245,0,2.9,Bni Bouayach
35.442,-4.366,0,3.2,Bni Bouayach
35.024,-3.994,0,3.2,Bni Bouayach
34.793,-2.852,0,3.6,Bni Bouayach
34.864,-2.755,0,3.9,Bni Bouayach
34.913,-3.998,0,3.4,Bni Bouayach
34.988,-4.094,0,3.3,Bni Bouayach
35.092,-5.885,0,3.7,Bni Bouayach
35.196,-3.951,0,3.7,Bni Bouayach
34.983,-3.793,0,3.2,Bni Bouayach
35.261,-3.951,0,3.3,Bni Bouayach
35.75,-3.898,0,3.4,Bni Bouayach
35.725,-2.264,0,4,Bni Bouayach
35.115,-3.981,0,3.6,Bni Bouayach
35.146,-3.932,0,3.1,Bni Bouayach
35.043,-4.144,0,3.4,Bni Bouayach
35.457,-3.827,0,2.9,Bni Bouayach
35.095,-4.123,0,4.3,Bni Bouayach
34.63,-3.787,0,3.3,Bni Bouayach
35.211,-4.286,0,2.9,Bni Bouayach
35.242,-3.89,0,3.3,Bni Bouayach
35.123,-3.958,0,3.2,Bni Bouayach
35.314,-3.97,0,2.9,Bni Bouayach
35.232,-4.024,0,3,Bni Bouayach
35.155,-3.999,0,3.3,Bni Bouayach
35.059,-3.983,0,4.1,Bni Bouayach
35.015,-3.984,0,3.6,Bni Bouayach
35.224,-3.94,0,3.1,Bni Bouayach
35.15,-4.124,0,3.1,Bni Bouayach
35.141,-3.899,0,3.7,Bni Bouayach
35.04,-3.715,0,3.3,Bni Bouayach
34.832,-4.037,10,4,Bni Bouayach
35.088,-4.055,0,3.1,Bni Bouayach
35.122,-4.027,0,3.5,Bni Bouayach
34.911,-3.7,0,3.4,Bni Bouayach
35,-4.014,0,3,Bni Bouayach
34.957,-4.02,0,3.2,Bni Bouayach
34.634,-3.768,0,3.6,Bni Bouayach
35.152,-4.184,0,3,Bni Bouayach
35.083,-3.898,19.3,3.7,Bni Bouayach
35.275,-4.082,0,3.3,Bni Bouayach
35.167,-4.039,0,3.4,Bni Bouayach
35.059,-4.108,0,4.5,Bni Bouayach
34.926,-4.015,0,3.7,Bni Bouayach
35.07,-3.957,0,3.8,Bni Bouayach
35.202,-5.306,0,3.3,Bni Bouayach
35.146,-3.969,0,3.2,Bni Bouayach
35.073,-3.998,0,3,Bni Bouayach
35.24,-3.966,0,3.4,Bni Bouayach
34.968,-4.107,26.5,3.5,Bni Bouayach
35.239,-4.062,0,3.2,Bni Bouayach
35.033,-3.981,0,3.1,Bni Bouayach
35.091,-3.977,0,3.7,Bni Bouayach
35.209,-4.147,0,3.3,Bni Bouayach
35.107,-4.125,0,3.4,Bni Bouayach
35.093,-4.099,0,4.1,Bni Bouayach
35.552,-3.623,0,3,Bni Bouayach
35.175,-3.991,0,3.4,Bni Bouayach
35.18,-4.011,0,3.4,Bni Bouayach
35.1,-4.094,0,3.7,Bni Bouayach
35.27,-4.19,0,3.2,Bni Bouayach
35.311,-3.846,0,3.2,Bni Bouayach
35.069,-4.019,0,3.2,Bni Bouayach
35.076,-3.996,0,3.4,Bni Bouayach
35.105,-4.015,0,3.4,Bni Bouayach
34.977,-3.995,0,3.5,Bni Bouayach
35.016,-4.089,0,3.5,Bni Bouayach
35.139,-3.932,0,3.4,Bni Bouayach
34.9,-4.154,0,3.7,Bni Bouayach
35.069,-4.065,0,3.4,Bni Bouayach
35.095,-4.133,0,3.2,Bni Bouayach
35.162,-3.959,0,3.5,Bni Bouayach
34.923,-4.205,0,3.5,Bni Bouayach
34.831,-3.778,0,3.2,Bni Bouayach
35.257,-4.23,0,3.4,Bni Bouayach
35.073,-4.15,0,2.9,Bni Bouayach
34.96,-3.992,0,3.8,Bni Bouayach
35.086,-4.078,0,2.9,Bni Bouayach
35.123,-3.827,0,3.6,Bni Bouayach
35.068,-3.837,0,3.1,Bni Bouayach
35.079,-3.775,0,3.1,Bni Bouayach
34.931,-2.733,0,3.1,Bni Bouayach
35.222,-3.828,0,3.1,Bni Bouayach
34.623,-3.999,0,3.8,Bni Bouayach
34.97,-3.97,0,3.7,Bni Bouayach
35.241,-3.965,0,3.5,Bni Bouayach
35.052,-4.03,0,4.2,Bni Bouayach
34.984,-3.948,0,3.2,Bni Bouayach
35.273,-4.09,0,3.1,Bni Bouayach
35.008,-3.983,0,3.8,Bni Bouayach
35.082,-4.036,0,3.4,Bni Bouayach
35.211,-4.56,0,3.2,Bni Bouayach
35.009,-2.714,0,3.7,Bni Bouayach
35,-3.986,0,3.5,Bni Bouayach
34.992,-2.725,0,3.3,Bni Bouayach
35.193,-3.977,0,3.2,Bni Bouayach
35.114,-4.03,0,3.3,Bni Bouayach
34.05,-3.852,10,3.2,Bni Bouayach
35.205,-4.027,0,3.2,Bni Bouayach
35.178,-3.986,0,3.1,Bni Bouayach
35.251,-4.063,0,3.1,Bni Bouayach
35.172,-3.89,0,3.2,Bni Bouayach
35.239,-3.901,0,3.2,Bni Bouayach
35.151,-3.969,0,3.2,Bni Bouayach
35.339,-3.873,0,3.9,Bni Bouayach
35.14,-4.001,0,3.2,Bni Bouayach
35.171,-3.99,0,3.3,Bni Bouayach
35.044,-3.988,11.5,4.1,Bni Bouayach
34.941,-2.787,0,3,Bni Bouayach
35.208,-4.002,0,3.3,Bni Bouayach
34.914,-4.009,0,4,Bni Bouayach
35.253,-4.162,0,3.3,Bni Bouayach
35.163,-4.014,0,3.4,Bni Bouayach
35.196,-4.037,0,3.5,Bni Bouayach
35.178,-3.982,0,3.3,Bni Bouayach
35.171,-4.034,24.1,3.8,Bni Bouayach
35.069,-4.116,0,3.3,Bni Bouayach
35.105,-4.09,0,3.8,Bni Bouayach
35,-3.888,0,3.6,Bni Bouayach
35.184,-3.88,0,3.1,Bni Bouayach
35.007,-4.148,0,4.4,Bni Bouayach
35.211,-3.846,0,3.7,Bni Bouayach
35.104,-3.953,0,3.3,Bni Bouayach
35.005,-2.65,0,3,Bouarfa
35.139,-3.977,0,3.9,Bouarfa
35.111,-4.046,0,3.7,Bouarfa
35.064,-4.066,0,3.5,Boujniba
35.066,-3.981,0,3.4,Cap Negro II
35.17,-4.008,0,3.4,Cap Negro II
35.165,-4.226,0,3.8,Cap Negro II
35.052,-3.922,0,3.4,Cap Negro II
35.176,-4.179,0,3.5,Cap Negro II
34.944,-2.87,0,2.9,Cap Negro II
35.019,-2.643,0,3.5,Cap Negro II
34.979,-2.812,0,3.6,Cap Negro II
35,-2.716,0,3.4,Cap Negro II
35.065,-4.204,37.2,3,Cap Negro II
35.216,-4.096,0,3,Cap Negro II
35.229,-3.887,0,2.9,Cap Negro II
35.058,-4.02,0,3.3,Cap Negro II
34.935,-4.02,71,3.4,Cap Negro II
34.971,-2.698,0,3.9,Cap Negro II
34.945,-4.008,0,3.6,Cap Negro II
35.14,-3.967,0,3.4,Cap Negro II
35.161,-3.988,0,3.4,Cap Negro II
35.097,-2.673,7.7,3.1,Cap Negro II
34.788,-4.047,0,3.6,Cap Negro II
35.32,-4.083,0,3.5,Casablanca
34.941,-4.052,0,4,Casablanca
34.908,-4.066,0,4.5,Chefchaouen
35.076,-4.011,0,3.5,Chefchaouen
35.325,-3.855,0,3.2,Chefchaouen
35.119,-4.2,11.4,4.4,Chefchaouen
35.394,-3.79,0,3.5,Chefchaouen
35.266,-3.883,0,3,Chefchaouen
35.135,-3.828,12.8,3.3,Chefchaouen
35.079,-3.872,13.3,3.3,Chefchaouen
34.863,-3.73,10,2.9,Chefchaouen
35.019,-3.995,0,3.5,Dakhla
35.027,-4.001,0,3.6,Imzouren
35.186,-3.997,0,3,Imzouren
35.032,-3.983,0,3.9,Imzouren
35.292,-4.017,0,3.2,Imzouren
34.749,-3.846,10,3.8,Imzouren
35.258,-3.846,0,3.4,Imzouren
35.113,-4.028,0,3.4,Imzouren
35.155,-4.096,0,3.5,Imzouren
35.06,-4.132,21.8,3.6,Khemisset
35.095,-3.998,0,3.7,El Hajeb
34.989,-4.123,10,3.9,Al Hoceima
35.154,-3.957,0,2.9,Al Hoceima
35.221,-4.225,0,3.8,Al Hoceima
35.105,-3.924,0,3.4,Al Hoceima
35.063,-4.205,17.4,3.5,Al Hoceima
35.169,-4.151,22.1,3.9,Al Hoceima
35.196,-3.949,0,3.3,Al Hoceima
35.061,-3.943,0,3.6,Al Hoceima
35.109,-4.025,0,3.5,Errachidia
35.098,-3.94,0,3.6,Errachidia
35.116,-3.96,0,4.4,Errachidia
34.935,-4.041,0,4.7,Errachidia
35.111,-4.125,0,3.8,Errachidia
35.568,-3.927,0,3.3,Essaouira
35.045,-3.981,0,3,Essaouira
35.207,-3.948,0,3,Essaouira
35.339,-4.281,0,3.3,Essaouira
35.101,-3.83,0,3.4,Essaouira
35,-3.829,0,3.7,Essaouira
35.043,-4.103,0,4,Essaouira
35.135,-3.892,0,3.4,Fès
34.983,-3.894,0,3.5,Fès
35.042,-3.865,0,3.1,Fès
35.039,-3.96,0,3.3,Fès
34.969,-3.758,0,3.4,Fès
35.05,-3.903,0,3.3,Fès
35.135,-3.993,0,3.9,Fès
35.219,-3.984,0,3.4,Fès
35.037,-4.025,0,3.4,Fès
35.122,-3.957,0,3.5,Fès
35.111,-3.997,0,3.2,Fnidek
35.218,-3.943,0,3.1,Guelmim
35.384,-3.892,0.9,2.9,Guercif
35.1,-3.979,0,3.7,Guercif
35.393,-4.113,0,3.1,Guercif
35.188,-3.977,0,3.6,Guercif
35.219,-3.93,0,3.5,Guercif
35.189,-3.926,0,3.4,Guercif
35.201,-3.954,0,3.1,Ifrane
35.125,-4.005,0,3.1,Ifrane
35.181,-3.938,0,3,Ifrane
35.103,-3.963,0,3.8,Ifrane
35.248,-3.932,0,2.9,Ifrane
35.111,-3.941,0,3.1,Ifrane
35.455,-3.765,0,2.9,Ifrane
35.111,-3.909,0,3,Ifrane
34.95,-4.005,0,4.1,Imzouren
35.083,-4.01,0,3.6,Imzouren
35.176,-3.99,0,3.1,Imzouren
35.182,-3.916,0,3.5,Imzouren
35.115,-3.893,0,3.7,Imzouren
35.039,-3.942,0,3.4,Imzouren
35.114,-4.047,0,2.9,Imzouren
35.19,-3.974,0,3,Imzouren
35.16,-4.001,0,3.1,Imzouren
34.982,-4.014,0,3.4,Imzouren
35.12,-3.983,0,3.2,Imzouren
35.157,-3.961,0,3.1,Imzouren
34.96,-4.039,0,3.6,Imzouren
35.234,-3.994,0,3,Imzouren
35.062,-3.972,0,3.9,Imzouren
35.036,-4.022,0,5.1,Imzouren
35.241,-4.172,0,3.6,Imzouren
35.38,-3.905,0,3.5,Imzouren
35.198,-4.186,0,3.5,Imzouren
35.121,-3.967,0,3.2,Imzouren
35.267,-3.972,0,3.4,Imzouren
35.188,-3.98,0,3.2,Imzouren
35.042,-4.007,0,3.4,Imzouren
35.133,-3.943,0,4,Imzouren
35.267,-4.168,0,3.3,Imzouren
35.233,-3.931,0,3.4,Imzouren
35.156,-3.98,0,3.4,Imzouren
34.978,-4.076,0,3.3,Imzouren
35.145,-3.892,6.7,3.5,Imzouren
35.139,-3.942,0,4,Imzouren
35.252,-3.979,0,3.4,Imzouren
35.17,-4.001,0,3.3,Imzouren
35.054,-3.854,0,3.7,Imzouren
35.178,-3.955,0,3.6,Imzouren
35.177,-3.912,0,3.2,Imzouren
35.3,-3.948,0,3.1,Imzouren
35.28,-4.08,0,3.3,Imzouren
35.544,-3.878,0,3.2,Imzouren
35.175,-3.952,0,4,Imzouren
35.15,-3.705,0.1,3.8,Imzouren
35.152,-3.882,0,3.1,Imzouren
35.251,-3.983,0,3.2,Imzouren
35.548,-3.864,0,3.2,Imzouren
35.236,-3.891,0,4.2,Imzouren
35.324,-3.751,0,3.6,Imzouren
35.174,-3.993,0,4.3,Imzouren
35.109,-3.975,0,3.5,Imzouren
35.233,-3.891,0,3.1,Imzouren
35.187,-3.976,0,3.6,Imzouren
35.015,-4.035,0,3.2,Imzouren
35.372,-3.949,0,3.4,Imzouren
35.138,-3.963,0,3.2,Imzouren
35.13,-3.997,0,3.9,Imzouren
34.96,-3.703,1.9,3.4,Imzouren
35.316,-4.152,0,3.7,Imzouren
34.752,-3.465,16.6,3.8,Imzouren
35.172,-4.038,0,3.1,Imzouren
35.138,-3.961,2.1,3.2,Imzouren
35.122,-3.897,0,3.9,Imzouren
35.159,-4.03,0,3.3,Imzouren
34.934,-3.734,0,3.5,Imzouren
35.171,-3.978,0,3.2,Imzouren
35.112,-3.841,0,3.1,Imzouren
35.175,-4.041,0,3.6,Imzouren
35.196,-3.817,0,3.2,Imzouren
35.125,-3.846,0,3.1,Imzouren
35.183,-3.902,1.8,3,Imzouren
35.136,-4.042,10,4.5,Imzouren
35.346,-3.945,16.4,3.4,Imzouren
35.176,-3.972,0,3,Imzouren
35.038,-3.976,0,3,Imzouren
35.148,-3.867,0,4.5,Imzouren
35.01,-4.017,0.9,3.2,Imzouren
35.083,-3.962,5.2,4.2,Imzouren
35.267,-3.979,0,3.4,Imzouren
35.232,-4.15,0,2.9,Imzouren
35.279,-3.896,17.1,3.3,Imzouren
35.229,-3.978,0,2.9,Imzouren
35.044,-4.077,0,3.2,Imzouren
35.212,-3.947,0,3,Imzouren
35.323,-4.022,0,3.1,Imzouren
35.364,-4.143,0,2.9,Imzouren
35.157,-3.98,0,3.4,Imzouren
35.204,-3.938,0,3.4,Imzouren
35.157,-3.954,0,4,Imzouren
35.113,-3.985,0,2.9,Imzouren
35.225,-3.988,0,2.9,Imzouren
35.183,-3.965,0,3.2,Imzouren
35.156,-3.956,0,4,Imzouren
35.139,-3.972,0.5,2.9,Imzouren
35.21,-3.974,0,2.9,Imzouren
35.171,-3.995,0,3.6,Imzouren
35.132,-3.698,0,3.2,Imzouren
35.128,-3.991,3.3,3.2,Imzouren
35.115,-3.965,0,3.1,Imzouren
35.121,-4.003,0.2,3.6,Imzouren
35.142,-4.036,1.9,3,Imzouren
35.118,-3.999,0,3.6,Imzouren
35.053,-3.857,0,3.1,Imzouren
35.117,-3.953,0,3.1,Imzouren
35.064,-4,0,3.3,Imzouren
35.066,-3.855,0,3,Imzouren
35.262,-3.992,0,3.5,Jerada
35.225,-3.922,0,3.2,Kelaat Mgouna
35.11,-3.991,1.1,3.7,Kenitra
35.186,-3.85,0,3.5,Khemisset
35.087,-3.953,6.7,4,Khemisset
35.299,-4.114,0,3.5,Khemisset
35.012,-4.031,0,3.5,Khenifra
35.126,-3.983,0,3.1,Khenifra
35.141,-3.986,0,3.3,Khenifra
35.318,-3.992,0,3.1,Khenifra
35.224,-3.944,0,3.2,Khenifra
35.138,-3.839,0,3.2,Khenifra
35.218,-3.96,6.5,3.3,Khenifra
35.273,-3.887,0,3.5,Khouribga
35.225,-3.913,15.8,3.5,Ksar El Kebir
34.738,-3.792,10,3,Ksar El Kebir
35.023,-4.013,23.8,4.2,Ksar El Kebir
35.325,-3.635,0,3,Ksar El Kebir
34.713,-3.853,10,3.3,Ksar El Kebir
35.223,-3.959,3.3,3.4,Ksar El Kebir
35.36,-3.996,0,3.5,Ksar El Kebir
35.18,-4.083,0,3.3,Ksar El Kebir
35.181,-4.037,0,3.4,Ksar El Kebir
35.163,-4.055,0,3,Larache
35.014,-3.708,0,3,Larache
35.467,-4.083,0,2.9,Larache
35.142,-3.994,0,3.5,Larache
35.225,-3.922,0,3.5,Larache
35.292,-3.885,0,3.5,Larache
35.161,-3.957,0,3.8,Larache
35.249,-3.847,0,3.4,Larache
35.105,-3.881,11.3,3.1,Larache
35.111,-3.93,9.3,3.6,Larache
35.318,-4.007,10,3.8,Larache
35.259,-3.998,0,3.2,Larache
35.404,-3.996,6.9,3.3,Larache
35.156,-3.962,0,3.5,Martil
35.208,-4.007,0,3.3,Martil
35.247,-3.86,13.3,4,Martil
35.194,-3.927,0,4.6,Martil
35.239,-3.928,0,3.5,Martil
34.878,-3.918,24.7,3.9,Martil
35.049,-4.022,0.9,3.6,Martil
35.388,-4.336,0,2.9,Martil
35.311,-4.25,0,3,Martil
35.207,-3.963,0,3.6,Martil
35.238,-4.149,0,3.3,Martil
35.085,-3.923,0,3.9,Martil
35.189,-4.003,0,3.8,Martil
35.174,-4.018,0,3.3,Martil
35.145,-3.886,0,3.2,Martil
35.196,-4.065,0,3.1,Martil
35.197,-4.024,0,3.6,Martil
35.228,-3.876,0,3.5,Martil
35.263,-3.885,0,3.2,Martil
35.045,-4.146,0,3.1,Martil
35.201,-3.958,0,3,Martil
35.187,-3.982,0,3.7,Martil
35.081,-3.986,0,3.1,Martil
35.174,-4.203,0,2.9,Mechraa Bel Ksiri
35.098,-4.02,18.5,4.4,Mechraa Bel Ksiri
35.343,-3.801,0,3.3,Mechraa Bel Ksiri
35.142,-3.842,7.7,3.2,Mechraa Bel Ksiri
34.877,-4.04,0,3.7,Mechraa Bel Ksiri
35.208,-3.886,0,3,Meknès
35.505,-3.849,0,2.9,Midar
34.902,-3.95,22.5,4,Midar
35,-3.755,0,3.4,Midar
35.058,-3.994,0,3.3,Midar
35.007,-3.793,0,3.3,Midar
34.81,-4.073,0,3.6,Midar
35.005,-3.987,0,3.4,Midar
35.358,-3.883,0,3,Midar
35.005,-3.996,0,3.4,Midar
35.177,-3.942,0,3.9,Midar
35.219,-3.88,0,3.4,Midar
35.233,-4.182,10.8,5,Midar
35.247,-4.089,0,3.2,Midar
35.086,-4.041,0,4.2,Midar
35.19,-4.048,0,3.4,Midar
35.15,-3.986,0,3.8,Midar
35.071,-4.024,0,3.9,Midar
35.027,-3.998,0,3.5,Midar
35.085,-4.015,0,3.2,Midar
35.204,-4.202,0,3.4,Midar
34.942,-3.813,0,3.4,Midar
34.982,-4.06,0,3,Midar
34.904,-3.889,16.1,3.9,Midar
35.056,-4.023,0,3.1,Midar
35.037,-4.038,0,3.2,Midar
35.225,-3.983,0,3.7,Midar
35.263,-4.051,0,3.2,Midar
35.177,-3.898,0,3.1,Midar
35.25,-4.167,0,3.1,Midar
35.195,-3.924,0,2.9,Midar
35.189,-3.985,0,3.4,Midar
35.213,-3.991,0,3.2,Midar
35.076,-3.926,10.7,3.4,Midar
35.197,-3.961,0,2.9,Midar
35.258,-3.993,0,3,Midar
35.247,-3.975,2.8,3.7,Midar
35.166,-3.927,0,3.8,Midar
35.137,-4.016,0,3.7,Midar
35.138,-3.891,0,3.6,Midelt
35.173,-3.88,0,3,Midelt
35.21,-4.001,0,3.6,Midelt
35.12,-4,0,3.5,Midelt
35.229,-4.022,0,3.3,Midelt
35.199,-3.859,0,3.9,Midelt
35.257,-3.994,0,3.4,Midelt
35.293,-4.199,0,3.3,Midelt
35.199,-3.944,1.4,3,Midelt
35.32,-4.083,0,2.9,Midelt
35.119,-4.008,8.4,3.7,Bouhéme
35.227,-4.042,0,3.6,Bni Ouriaghel
35.166,-4,0,3.4,Bni Ouriaghel
35.185,-3.962,0,3.7,Bni Ouriaghel
35.146,-3.953,6.4,3.7,Ait Massaoud
35.163,-3.995,0,3.5,Ighadaréne
35.17,-3.941,0,4.5,Ait kamra
35.142,-3.968,0,3.6,Ait Massaoud
35.172,-3.938,0,3.9,Azghar
35.154,-3.93,0,3.6,Nador
35.08,-3.987,0,3.5,Nador
35.256,-3.949,0.7,3,Nador
34.802,-3.622,11.2,3.4,Nador
35.317,-3.896,0,3.3,Nador
35.257,-3.725,0,3,Nador
35.262,-4.025,0,3.2,Nador
34.758,-3.842,10,3.8,Nador
35.278,-4.113,10.1,5.3,Oualidia
35.162,-3.925,0,3.4,Oualidia
35.153,-3.975,0,3.5,Ouarzazat
35.171,-4.047,0,4.4,Ouarzazat
35.347,-3.932,0,3.2,Ouarzazat
35.223,-3.936,0,3.5,Ouarzazat
35.285,-3.94,0,4.1,Oued Zem
35.222,-3.977,0,4.1,Ouezzane
35.282,-3.977,0,3.3,Ouezzane
35.122,-3.931,0,4.5,Ouezzane
35.3,-4.022,0,3.2,Ouezzane
35.274,-3.939,0,3.3,Ouezzane
35.108,-3.984,0,4,Ouezzane
35.182,-3.806,0,3.4,Ouezzane
35.174,-3.963,0,3.3,Ouezzane
35.11,-3.986,0,3.5,Ouezzane
35.29,-3.942,0,3.1,Ouezzane
35.216,-3.965,0,3.3,Ouezzane
35.216,-3.878,0,3.7,Ouezzane
35.215,-4.099,0,3.4,Ouezzane
35.158,-3.987,0,3.1,Ouezzane
35.225,-3.909,0,3.3,Ouezzane
35.208,-3.781,0,3.2,Ouezzane
35.279,-3.943,0,3.1,Ouezzane
35.201,-3.924,11.6,3.5,Ouezzane
35.287,-3.96,0,3.1,Ouezzane
34.658,-3.774,10,3.1,Ouezzane
35.225,-3.981,1.6,3.2,Ouezzane
35.192,-3.978,0,3,Ouezzane
35.178,-3.97,0.9,4,Ouezzane
35.157,-4.065,5.6,4.1,Ouezzane
35.177,-3.836,14.4,4,Ouezzane
35.249,-3.85,0,3,Ouezzane
35.132,-3.952,7.2,3.2,Ouezzane
35.259,-3.984,0,3.7,Ouezzane
35.147,-3.98,0,3.2,Ouezzane
35.123,-3.929,1.1,3.8,Ouezzane
35.145,-4.005,0,3.3,Oujda
35.313,-4.039,1.9,3.4,Oukaïmedene
35.246,-3.848,0,3.4,Oulmes
34.691,-3.79,10,3.2,Recani
35.316,-3.891,6.2,3.4,Reçani
35.181,-3.952,0,3,Saidia
35.286,-3.941,0,3.8,Saidia
35.24,-3.982,0,3.1,Saidia
35.211,-3.915,0,3.5,Saidia
35.23,-4.021,0.1,3.3,Saidia
35.211,-4.027,0,3.2,Saidia
35.342,-3.741,0,3.2,Saidia
35.236,-3.829,1,3,Saidia
35.092,-3.96,0,3.9,Saidia
35.191,-3.977,0,3.3,Saidia
35.282,-3.897,2.7,3.5,Saidia
35.144,-3.935,8.5,3.6,Saidia
35.115,-3.952,6,4.7,Saidia
34.938,-3.847,10,3.6,Saidia
35.196,-3.969,0,3.1,Saidia
35.358,-3.93,5.2,3.5,Saidia
35.077,-3.905,9.5,4.8,Saidia
35.17,-3.996,0,3.3,Saidia
35.137,-3.994,0,3.4,Saidia
35.167,-3.927,8.8,3,Saidia
35.206,-4.013,0,3.6,Saidia
35.217,-3.892,0,3.1,Saidia
35.196,-4.034,0,3.3,Saidia
35.157,-3.984,3.1,3.3,Saidia
35.262,-3.991,2,3.3,Saidia
35.176,-4.008,0,3.2,Saidia
35.213,-3.986,0,3.5,Saidia
35.204,-3.997,0,3.5,Saidia
35.291,-3.965,0,3.4,Saidia
35.055,-4.078,26,4.3,Saidia
35.14,-4.018,10.1,3.9,Saidia
35.205,-3.989,0,3.4,Saidia
35.252,-3.927,8.7,3.3,Saidia
35.313,-4.011,0,3.6,Saidia
35.226,-4.037,0,3.2,Saidia
35.201,-3.995,0,4,Saidia
35.127,-3.943,0,3.5,Saidia
35.232,-4.046,0,3.8,Saidia
35.127,-3.983,0,4.1,Saidia
35.185,-3.935,0,3.8,Saidia
35.152,-3.966,6.7,3.9,Saidia
35.269,-4.102,0,3.4,Saidia
35.258,-4.009,0,3.7,SAïn Leuh
35.247,-3.934,0,3.1,Sefrou
35.283,-4.101,0,3,Setti Fatma
35.235,-3.947,0,3.8,Setti Fatma
35.235,-3.873,7.9,3.7,Setti Fatma
35.185,-3.95,0,3.7,Sidi Qacem
35.213,-3.885,11.2,3.9,Sidi Qacem
35.205,-3.971,0,3.9,Sidi Qacem
35.226,-3.893,1.6,3.8,Sidi Qacem
35.311,-3.903,0,3.8,Sidi Qacem
35.176,-4.083,0,4.4,Sidi Qacem
35.247,-3.995,0,3.5,Souq Larb’a al Gharb
35.158,-3.987,0,3.7,Souq Larb’a al Gharb
35.164,-3.887,1.6,3.7,Tangier
35.159,-3.9,0,4,Taghazout
35.032,-3.958,0,3.3,Tahla
35.313,-3.856,5.9,3.2,Tahla
35.311,-3.928,1.6,3.6,Tangier
35.243,-3.8,0,3.4,Taounate
35.238,-3.948,7,4.1,Taounate
35.185,-4.023,0,3.2,Taounate
35.21,-3.974,0,3.3,Taounate
35.247,-3.994,0,3.4,Taounate
35.174,-3.976,0,4.6,Taounate
35.382,-2.004,0,3.3,Taounate
35.271,-3.976,0,3.1,Taounate
35.215,-3.975,0,3.7,Taounate
35.302,-3.991,0,3.2,Taounate
35.254,-3.967,0,3.5,Taounate
35.115,-3.952,0,3.8,Taounate
35.115,-3.94,0,3.3,Taounate
35.314,-3.954,0,3.3,Taounate
35.301,-4.016,0,3.4,Taounate
35.187,-3.927,0,3.1,Taounate
35.045,-3.9,26.1,4.4,Taounate
35.294,-3.838,5.4,3.6,Taounate
35.243,-4.016,0,3.7,Taounate
35.315,-2.141,0,3.5,Taourirt
35.244,-4.002,0,4,Al Hoceima
35.264,-3.97,0,3.2,Al Hoceima
35.278,-3.956,0,3.5,Al Hoceima
35.175,-4.009,0,3.9,Al Hoceima
35.224,-4.012,0,3.7,Al Hoceima
35.377,-4.094,0,3.5,Al Hoceima
35.195,-4.021,0,3.6,Al Hoceima
35.227,-4.077,0,3.2,Al Hoceima
35.206,-3.994,0,3.5,Al Hoceima
35.291,-3.894,0,4.3,Al Hoceima
35.189,-3.996,0,3.6,Al Hoceima
35.226,-4.014,1.5,3.6,Al Hoceima
35.276,-3.99,4.3,3.9,Al Hoceima
35.186,-3.992,0,3.5,Al Hoceima
35.179,-3.924,0,3.4,Al Hoceima
35.228,-3.936,1.6,3.1,Al Hoceima
35.229,-3.991,3.3,3.7,Al Hoceima
35.169,-3.978,0,3.2,Al Hoceima
35.132,-4.004,0,3.5,Al Hoceima
35.191,-3.961,0,3.2,Al Hoceima
35.178,-3.974,0,3,Al Hoceima
35.229,-3.992,0,2.9,Al Hoceima
35.266,-3.998,0,3.3,Al Hoceima
35.202,-3.921,0,3.4,Al Hoceima
35.242,-3.927,0,3.7,Al Hoceima
35.194,-3.882,0,3.5,Al Hoceima
35.204,-3.961,0,3.7,Al Hoceima
35.182,-4.023,0,3.2,Al Hoceima
35.148,-3.872,10.3,2.9,Al Hoceima
35.168,-3.959,0,3.1,Al Hoceima
35.236,-3.922,0,3.3,Al Hoceima
35.258,-3.922,0,3.4,Al Hoceima
35.098,-3.961,0,3.3,Al Hoceima
35.201,-3.952,0,4.2,Al Hoceima
35.23,-4.016,0,3.3,Al Hoceima
35.204,-3.966,0,3.6,Al Hoceima
35.2,-3.995,0,3,Al Hoceima
35.181,-3.987,0,3.4,Al Hoceima
35.123,-3.998,0,3.7,Al Hoceima
35.273,-4.009,11.8,4.1,Al Hoceima
35.252,-3.957,0,3.6,Al Hoceima
35.082,-3.928,0,4.1,Al Hoceima
35.103,-3.996,0,3.4,Al Hoceima
35.054,-3.971,0,2.9,Al Hoceima
35.056,-4.026,0,3.2,Al Hoceima
35.144,-4.051,0,4.3,Al Hoceima
35.344,-3.578,23,4,Al Hoceima
35.194,-3.979,2.3,4.4,Al Hoceima
35.026,-3.932,27.5,3.8,Al Hoceima
34.683,-4.051,16.7,4.7,Al Hoceima
35.106,-3.925,0.7,3.6,Al Hoceima
35.224,-3.933,11.5,3.6,Al Hoceima
35.194,-3.858,0,3.7,Al Hoceima
35.322,-3.934,0,4.2,Al Hoceima
35.25,-3.984,0,4.2,Al Hoceima
35.084,-3.941,0.5,4.7,Al Hoceima
35.254,-4.055,0,3.7,Al Hoceima
35.18,-3.921,10.6,4.4,Al Hoceima
35.274,-4.098,2.8,4.3,Al Hoceima
35.2,-3.863,8.3,3.8,Al Hoceima
35.173,-3.955,0,4.7,Al Hoceima
35.277,-3.936,0,4.5,Al Hoceima
35.142,-3.997,0,6.4,Al Hoceima
30.953,-8.688,20,4.1,Al Hoceima
33.304,-3.761,10,3.6,Al Hoceima
35.864,-3.548,0.2,3.3,Al Hoceima
35.339,-3.849,8.3,3.2,Al Hoceima
32.975,-12.046,10,3,Al Hoceima
32.577,-5.64,10,2.9,Al Hoceima
35.599,-5.85,8.4,3,Al Hoceima
35.867,-3.56,0,3.7,Al Hoceima
35.873,-3.551,2.5,2.9,Al Hoceima
35.793,-3.6,21.6,2.9,Al Hoceima
35.834,-3.622,0,3.5,Al Hoceima
35.8,-3.589,0,2.9,Taroudant
35.863,-3.483,10,3.9,Taroudant
35.876,-3.512,0,3.8,Taroudant
35.861,-3.513,0,3,Taroudant
35.891,-3.566,10,3.9,Taza
35.88,-3.515,0,3,Taza
35.836,-3.487,10,4.7,Tétouan
35.712,-3.686,11,3.1,Tétouan
32.47,-3.55,0,3.3,Tiflet
35.628,-3.925,10,4.4,Tirhanimîne
35.813,-3.906,0,3.4,Tirhanimîne
35.745,-6.296,0,2.9,Tirhanimîne
35.327,-3.915,11,3,Tirhanimîne
34.114,-6.522,22.7,4.6,Tirhanimîne
35.166,-4.777,27.2,3.4,Tirhanimîne
35.886,-3.654,0,3.1,Tirhanimîne
35.85,-3.707,0,2.9,Tirhanimîne
35.459,-3.777,10,3.3,Tirhanimîne
35.007,-4.099,0,3.1,Tirhanimîne
35.39,-3.642,11.8,3,Tirhanimîne
34.377,-5.121,10,4.6,Tirhanimîne
35.853,-3.499,10,3.7,Tirhanimîne
35.771,-3.793,0,2.9,Tirhanimîne
34.484,-5.861,15.9,3,Tirhanimîne
32.023,-6.194,10,4,Tirhanimîne
35.68,-4.634,110.2,4.7,Tirhanimîne
35.22,-5.89,15.5,2.9,Tirhanimîne
35.575,-5.169,10,4.2,Tirhanimîne
35.63,-4.78,1.4,2.9,Tirhanimîne
35.243,-4.095,33,3.5,Tirhanimîne
35.29,-4.12,2.9,3.2,Tirhanimîne
35.06,-4.19,13.5,2.9,Tirhanimîne
35.14,-4.08,30,3.4,Tirhanimîne
35.4,-6.15,26.6,3,Tirhanimîne
35.888,-3.712,10,2.9,Tirhanimîne
34.222,-4.386,10,3.8,Tirhanimîne
35.4,-7.1,15.5,2.9,Tirhanimîne
34.3,-3.02,0,3,Tirhanimîne
34.844,-3.776,10,4.7,Tirhanimîne
35.1,-3.75,9.9,3,Tirhanimîne
34.798,-3.742,10,3.5,Tirhanimîne
35.056,-4.748,10,4,Tirhanimîne
32.745,-5.644,10,4.2,Tirhanimîne
35.49,-4.39,0.8,2.9,Tirhanimîne
35.68,-3.64,0,3.2,Tirhanimîne
35.18,-3.82,0,3.3,Tirhanimîne
35.86,-3.62,0.3,3,Tirhanimîne
35.855,-3.629,10,3.1,Tirhanimîne
32.388,-5.741,10,4.1,Tirhanimîne
35.793,-3.761,10,3.1,Tirhanimîne
33.619,-4.156,10,4.3,Tirhanimîne
35.174,-4.507,33,3.5,Tirhanimîne
35.855,-4.477,10,3.1,Tirhanimîne
35.414,-4.832,10,3,Tirhanimîne
34.758,-4.824,10,3.5,Tirhanimîne
34.937,-3.968,10,3.1,Tirhanimîne
35.071,-3.899,10,3.7,Tirhanimîne
35.858,-2.154,10,3.3,Tirhanimîne
35.941,-3.875,10,2.9,Tirhanimîne
35.846,-2.155,5,3.2,Tirhanimîne
35.592,-3.8,10,3.4,Tirhanimîne
34.898,-4.332,10,3.9,Tirhanimîne
34.803,-5.812,33,4.3,Tirhanimîne
35.292,-5.76,94,3.2,Tirhanimîne
35.297,-4.02,10,3.3,Tirhanimîne
35.432,-3.852,10,3.3,Tirhanimîne
35.345,-3.954,10,3.4,Tirhanimîne
35.222,-4.051,10,3.3,Tirhanimîne
35.136,-4.156,10,3.5,Tirhanimîne
35.286,-4.004,23.6,3.6,Tirhanimîne
35.464,-4.152,10,3.4,Tirhanimîne
35.442,-3.938,23.5,3.3,Tirhanimîne
35.181,-4.147,10,3.7,Tirhanimîne
33.762,-4.837,33,3.5,Tirhanimîne
33.642,-5.805,10,3.1,Tirhanimîne
34.902,-2.767,10,3.5,Tirhanimîne
34.828,-2.793,10,3.7,Tirhanimîne
35.285,-4.012,19.6,3.5,Tirhanimîne
34.812,-3.894,33,3.2,Tirhanimîne
34.804,-3.968,33,3.3,Tirhanimîne
34.647,-3.871,10,3.4,Tirhanimîne
35.936,-3.674,10,3.6,Tirhanimîne
34.578,-10.759,33,3.8,Tirhanimîne
35.223,-3.834,22.5,3.4,Tirhanimîne
35.21,-3.947,33,4,Tirhanimîne
35.446,-3.844,10,3.3,Tirhanimîne
33.307,-3.098,36.7,4.1,Tirhanimîne
35.522,-3.94,10,3.3,Tirhanimîne
35.484,-3.944,10,3.2,Tirhanimîne
35.368,-3.977,18.2,2.9,Tirhanimîne
34.672,-8.639,33,3.6,Tirhanimîne
34.99,-6.181,33,3.4,Tirhanimîne
35.371,-3.905,10,3.3,Tirhanimîne
35.141,-4.085,10,3.4,Tirhanimîne
35.772,-4.629,104.1,3.1,Tirhanimîne
35.595,-6.957,10,3,Tirhanimîne
35.248,-2.363,10,3.2,Tirhanimîne
33.733,-5.081,29.5,3,Tirhanimîne
35.424,-3.644,5,3.2,Tirhanimîne
35.567,-3.762,10,3.3,Tirhanimîne
35.619,-4.613,33,3.2,Tirhanimîne
34.906,-2.444,33,3.7,Tirhanimîne
34.888,-4.089,33,3.5,Tirhanimîne
35.599,-4.615,20,3,Tirhanimîne
35.266,-3.915,10,3.7,Tirhanimîne
35.422,-3.912,10,3.5,Tirhanimîne
35.276,-4.04,10,3.2,Tirhanimîne
35.075,-4.675,10,3,Tirhanimîne
34.84,-4.116,10,3.1,Tirhanimîne
33.497,-5.311,10,3.2,Tirhanimîne
35.221,-3.911,10,3.1,Tirhanimîne
35.51,-3.731,10,3.4,Tirhanimîne
35.451,-3.795,5,3.3,Tirhanimîne
35.456,-3.817,10,3.4,Tirhanimîne
35.561,-3.76,5,3.4,Tirhanimîne
34.651,-4.575,77.6,4.4,Tirhanimîne
35.47,-3.629,10,3.1,Tirhanimîne
35.314,-3.95,10,3.3,Tirhanimîne
35.51,-3.737,10,3.4,Tirhanimîne
35.378,-3.993,10,3.4,Tirhanimîne
35.516,-3.859,10,3.3,Tirhanimîne
35.203,-3.925,10,3.3,Tirhanimîne
35.153,-3.993,33,3.3,Tirhanimîne
35.268,-4.048,35.8,4.3,Tirhanimîne
35.171,-5.897,33,2.9,Tirhanimîne
35.179,-4.096,10,3.1,Tirhanimîne
35.258,-4.056,10,3.5,Tirhanimîne
35.295,-4,10,3.5,Tirhanimîne
34.789,-5.463,33,3,Tirhanimîne
35.25,-3.963,10,3.2,Tirhanimîne
35.395,-3.79,10,3.4,Tirhanimîne
35.241,-4.005,10,3,Tirhanimîne
35.351,-3.996,10,3.2,Tirhanimîne
35.126,-4.279,10,3.2,Tirhanimîne
35.544,-3.843,10,3.2,Tirhanimîne
35.169,-3.663,10,3.5,Tirhanimîne
35.324,-3.981,33,3.4,Tirhanimîne
35.346,-3.954,10,3.4,Tirhanimîne
35.503,-3.878,10,3.4,Tirhanimîne
35.477,-3.881,10,3.4,Tirhanimîne
35.535,-3.85,10,3.1,Tirhanimîne
35.502,-3.81,10,3.5,Tirhanimîne
35.403,-3.948,10,3.7,Tirhanimîne
35.503,-3.797,10,3.4,Tirhanimîne
35.446,-3.922,10,4.4,Tirhanimîne
35.493,-3.77,10,3.7,Tirhanimîne
35.451,-3.963,10,3.6,Tirhanimîne
35.269,-4.002,10,3.4,Tirhanimîne
35.592,-3.7,10,3.2,Tirhanimîne
35.539,-3.77,10,3.3,Tirhanimîne
35.299,-4.014,10,3.4,Tirhanimîne
35.371,-3.911,10,3.5,Tirhanimîne
35.395,-4.008,11.5,3.6,Tirhanimîne
35.568,-3.498,10,3.1,Tirhanimîne
35.357,-3.921,10,3.3,Tirhanimîne
35.163,-3.889,10,3.4,Tirhanimîne
35.394,-3.945,10,3.5,Tirhanimîne
35.216,-3.876,25.7,3.5,Tirhanimîne
35.321,-3.931,10,3.3,Tirhanimîne
35.262,-4.038,10,3.4,Tirhanimîne
35.275,-4.003,10,3.3,Tirhanimîne
35.784,-4.718,10,2.9,Tirhanimîne
35.444,-3.829,10,3.2,Tirhanimîne
35.21,-4.095,9.4,3.6,Tirhanimîne
35.199,-3.936,10,3.3,Tirhanimîne
35.262,-4.104,10,3.2,Tirhanimîne
35.317,-4.015,10,3.2,Tirhanimîne
35.325,-3.964,10,3.1,Tirhanimîne
35.37,-4.024,10,3.2,Tirhanimîne
35.257,-4.013,10,3.2,Tirhanimîne
34.057,-5.106,33,3.7,Tirhanimîne
35.323,-3.887,10,3.4,Tirhanimîne
35.345,-4.013,10,3.3,Tirhanimîne
35.307,-3.991,10,3.3,Tirhanimîne
35.191,-3.995,10,3.2,Tirhanimîne
35.247,-3.916,10,3.3,Tirhanimîne
35.18,-3.95,10,3.9,Tirhanimîne
35.276,-4.162,10,3.3,Tirhanimîne
35.19,-3.931,16.4,3.8,Tirhanimîne
35.177,-3.772,10,3.4,Tirhanimîne
35.222,-3.949,19.3,3.5,Tirhanimîne
35.186,-3.928,10,3.2,Tirhanimîne
35.301,-3.947,10,3,Tirhanimîne
35.597,-3.751,10,3.2,Tirhanimîne
35.478,-3.83,27.5,3.4,Tirhanimîne
35.316,-3.925,18.8,3.7,Tirhanimîne
35.365,-4.194,10,3.3,Tirhanimîne
35.292,-3.879,33,3.6,Tirhanimîne
35.224,-3.964,29.6,3.3,Tirhanimîne
35.206,-3.903,28,3.4,Tirhanimîne
35.231,-4.008,10,3.3,Tirhanimîne
35.271,-4.046,33,3,Tirhanimîne
35.116,-3.871,33,3.7,Tirhanimîne
35.237,-3.92,29.9,3.1,Tirhanimîne
35.182,-3.924,10,3.4,Tirhanimîne
35.137,-4.056,33,3.2,Tirhanimîne
35.252,-4.036,14.9,4.6,Tirhanimîne
35.041,-3.922,33,3.3,Tirhanimîne
35.243,-4.125,10,2.9,Tirhanimîne
35.155,-4.068,10,3.3,Tirhanimîne
35.232,-4.009,10,3.1,Tirhanimîne
35.244,-4.023,10,3.1,Tirhanimîne
35.251,-4.045,10,3.3,Tirhanimîne
35.204,-4,23.5,3.4,Tirhanimîne
35.178,-3.95,10,3.9,Tirhanimîne
35.271,-3.986,10,3.3,Tirhanimîne
35.141,-3.916,30.8,3.6,Tirhanimîne
35.3,-4.021,16.9,3.9,Tirhanimîne
35.256,-3.894,27.7,3.3,Tirhanimîne
35.275,-3.882,10,3.4,Tirhanimîne
35.18,-4.155,10,3.2,Tirhanimîne
35.269,-4.034,10,3.2,Tirhanimîne
35.395,-3.757,29.2,3.3,Tirhanimîne
35.344,-3.807,29.6,3.3,Tirhanimîne
35.342,-3.937,10,3.3,Tirhanimîne
35.346,-3.891,10.1,3.4,Tirhanimîne
35.286,-3.948,33,3.5,Tirhanimîne
35.298,-4.07,10,3.2,Tirhanimîne
35.455,-3.908,10,3.4,Tirhanimîne
35.32,-4.086,10,3.2,Tirhanimîne
35.308,-3.923,10,3.2,Tirhanimîne
35.184,-3.768,29.6,3.4,Tirhanimîne
35.258,-3.906,30.1,3.3,Tirhanimîne
35.293,-3.994,10,3.3,Tirhanimîne
35.251,-3.927,10,3.3,Tirhanimîne
35.269,-4.036,10,3.3,Tirhanimîne
35.584,-3.757,10,3.3,Tirhanimîne
35.311,-3.902,12.2,3.4,Tirhanimîne
35.316,-4.049,10,3.1,Tirhanimîne
35.3,-3.912,10,3.2,Tirhanimîne
35.363,-3.845,10,3.3,Tirhanimîne
35.283,-3.847,10,3.3,Tirhanimîne
35.338,-3.875,10,3.3,Tirhanimîne
35.652,-3.872,10,3.4,Tirhanimîne
35.341,-3.7,10,3,Tirhanimîne
35.406,-3.861,10,3.4,Tirhanimîne
35.382,-3.924,10,3.3,Tirhanimîne
35.199,-4.024,35,4.4,Tirhanimîne
35.33,-3.885,33,3.4,Tirhanimîne
35.217,-3.923,10,3.3,Tirhanimîne
35.295,-3.988,30,3.9,Tirhanimîne
35.391,-3.975,10,3.4,Tirhanimîne
35.445,-3.81,10,3.3,Tirhanimîne
35.256,-3.992,24.4,3.9,Tirhanimîne
35.291,-3.956,10,3.4,Tirhanimîne
35.466,-3.842,10,3.4,Tirhanimîne
35.266,-3.882,33,3.5,Tirhanimîne
35.41,-3.965,10,4.2,Tirhanimîne
35.305,-4.103,9.7,6,Tirhanimîne
35.257,-4.045,10,3.7,Tirhanimîne
35.202,-5.995,10,3.3,Tirhanimîne
31.678,-3.527,10,4,Tirhanimîne
33.692,-4.086,18.6,3.6,Tirhanimîne
31.701,-3.47,10,4.2,Tirhanimîne
35.454,-3.853,10,3.4,Tirhanimîne
34.938,-3.592,30.7,3.4,Tirhanimîne
35.343,-3.998,10,3.5,Tirhanimîne
35.264,-3.98,10,3.3,Tirhanimîne
35.347,-4.056,10,4.2,Tirhanimîne
35.326,-3.986,10,2.9,Tirhanimîne
35.384,-3.956,33,3.5,Tirhanimîne
34.49,-5.504,10,3.4,Tirhanimîne
34.586,-5.55,17,3.6,Tirhanimîne
34.557,-5.581,5,3.3,Tirhanimîne
34.569,-5.601,10,3.4,Tirhanimîne
34.478,-5.543,10,3.3,Tirhanimîne
35.638,-3.617,10,3,Tirhanimîne
35.529,-3.69,10,3.3,Tirhanimîne
35.487,-3.516,10,3,Tirhanimîne
31.748,-10.009,30,3.9,Tirhanimîne
32.841,-5.242,11.7,3.7,Tirhanimîne
34.812,-4.343,90.9,2.9,Tirhanimîne
35.717,-4.563,24.4,3,Tirhanimîne
34.05,-4.882,5,4.1,Tirhanimîne
32.486,-5.668,10,3.1,Tirhanimîne
34.321,-3.495,10,2.9,Tirhanimîne
34.337,-3.291,10,2.9,Tirhanimîne
31.164,-8.986,10,2.9,Tirhanimîne
31.34,-7.579,10,3.1,Tirhanimîne
31.763,-3.55,10,3.9,Tirhanimîne
35.812,-4.681,33,3.2,Tirhanimîne
32.789,-5.567,33,3.3,Tirhanimîne
35.162,-4.356,10,3.1,Tirhanimîne
32.36,-6.197,10,2.9,Tirhanimîne
35.374,-2.466,10,3.1,Tirhanimîne
35.254,-2.306,10,3.1,Tirhanimîne
33.326,-5.195,10,3.8,Tirhanimîne
35.304,-2.284,10,3.7,Tirhanimîne
35.025,-2.967,10,3,Tirhanimîne
35.221,-2.24,5,3.1,Tirhanimîne
35.262,-2.52,24.1,3.5,Tirhanimîne
35.299,-2.349,10,3.1,Tirhanimîne
35.149,-2.339,25.7,3.3,Tirhanimîne
35.341,-2.381,10,3.7,Tirhanimîne
35.357,-2.502,26.5,5.4,Tirhanimîne
35.294,-6.216,61.4,4.2,Tirhanimîne
35.916,-3.719,10,3.9,Tirhanimîne
35.899,-3.734,10,4,Tirhanimîne
35.107,-2.368,28.9,3.1,Tirhanimîne
35.207,-2.386,10,3.3,Tirhanimîne
34.918,-2.378,49,3.2,Tirhanimîne
33.604,-2.269,10,4.4,Tirhanimîne
33.058,-6.59,10,3.5,Tirhanimîne
30.638,-6.256,33,3.9,Tirhanimîne
35.712,-4.507,10,2.9,Tirhanimîne
32.186,-5.782,10,3.4,Tirhanimîne
32.199,-5.786,10,3.5,Tirhanimîne
35.149,-3.784,10,3.7,Tirhanimîne
35.312,-3.806,10,3.1,Tirhanimîne
35.238,-3.66,10,3,Tirhanimîne
34.793,-4.305,33,3.7,Tirhanimîne
35.727,-3.551,10,3.4,Tirhanimîne
35.582,-3.698,10,3.1,Tirhanimîne
31.284,-4.372,25.6,5.6,Tirhanimîne
31.355,-4.318,28.6,5.6,Tirhanimîne
35.301,-2.327,10,3,Tirhanimîne
34.193,-5.893,10,3.7,Tirhanimîne
35.727,-4.443,33,3.3,Tirhanimîne
35.657,-4.468,33,3.1,Tirhanimîne
34.622,-5.699,33,3.5,Tirhanimîne
34.892,-4.846,10,3.4,Tirhanimîne
35.268,-2.423,10,3.8,Tirhanimîne
35.265,-2.484,10,3.7,Tirhanimîne
35.787,-4.606,114.3,3.2,Tirhanimîne
34.734,-5.529,10,3.7,Tirhanimîne
35.312,-2.383,5,3.2,Tirhanimîne
30.479,-9.919,10,3.7,Tirhanimîne
35.432,-3.664,19.2,3.3,Tirhanimîne
35.429,-3.65,10,3,Tirhanimîne
32.402,-5.502,10,3.4,Tirhanimîne
35.31,-2.448,10,3.2,Tirhanimîne
35.557,-4.521,10,2.9,Tirhanimîne
35.317,-2.306,10,3.7,Tirhanimîne
35.22,-2.387,10,3.1,Tirhanimîne
35.407,-2.48,10,3,Tirhanimîne
35.212,-2.365,10,3.9,Tirhanimîne
35.284,-2.396,10,3.3,Tirhanimîne
35.24,-2.428,10.6,3.4,Tirhanimîne
35.274,-2.44,16.6,4.3,Tirhanimîne
35.23,-2.232,10,3.3,Tirhanimîne
35.219,-2.42,10,3.3,Tirhanimîne
34.873,-3.516,10,3.8,Tirhanimîne
35.776,-4.874,91.5,3,Tirhanimîne
28.695,-10.403,10,4.3,Tirhanimîne
34.849,-5.072,10,3.1,Tirhanimîne
34.036,-9.015,33,3,Tirhanimîne
35.364,-3.855,10,3.4,Tirhanimîne
35.42,-6.357,33,3.8,Tirhanimîne
35.378,-3.579,9.8,3.8,Tirhanimîne
34.806,-5.352,10,3.7,Tirhanimîne
31.303,-7.576,33,3.8,Tirhanimîne
34.812,-5.622,10,4.1,Tirhanimîne
35.369,-6.257,90,3.8,Tirhanimîne
32.473,-3.584,33,4.4,Tirhanimîne
35.098,-3.947,10,3.2,Tirhanimîne
35.001,-4.196,10,3.5,Tirhanimîne
34.771,-4.086,16.3,3.8,Tirhanimîne
35.314,-3.764,10,3.6,Tirhanimîne
32.548,-2.646,10,4.4,Tirhanimîne
34.929,-4.063,33,3.4,Tirhanimîne
34.971,-4.082,10,3.8,Tirhanimîne
35.302,-4.006,10,3.2,Tirhanimîne
35.389,-4.031,10,4.1,Tirhanimîne
35.624,-4.792,86.3,4.2,Tirhanimîne
35.373,-3.68,10,2.9,Tirhanimîne
31.941,-6.292,5,3.8,Tirhanimîne
34.976,-3.808,10,3,Tirhanimîne
35.577,-5.594,89.5,3.7,Tirhanimîne
35.199,-3.894,10,3.4,Tirhanimîne
35.192,-3.791,14.9,3.8,Tirhanimîne
34.51,-5.506,10,3.5,Tirhanimîne
34.509,-5.435,10,3,Tirhanimîne
34.5,-5.347,10,3.8,Tirhanimîne
34.521,-5.199,10,3.7,Tirhanimîne
35.186,-3.829,10,3.8,Tirhanimîne
35.597,-3.889,10,3.1,Tirhanimîne
35.26,-3.789,10,3.6,Tirhanimîne
35.064,-3.528,10,3.7,Tirhanimîne
34.85,-5.525,10,3.4,Tirhanimîne
35.294,-3.711,10,3,Tirhanimîne
32.911,-5.094,10,3.7,Taza
35.353,-4.2,10,3,Taza
35.423,-5.012,33,3.3,Taza
31.466,-9.541,10,4.4,Taza
34.933,-5.82,10,3.5,Taza
35.49,-3.844,10,3.7,Taza
35.758,-4.639,133.8,3,Taza
35.505,-3.858,32.3,3.8,Taza
31.442,-7.672,10,3.7,Taza
35.361,-4.824,116.5,3.6,Taza
35.443,-3.678,10,3.3,Zagora
34.637,-5.536,10,3.9,Zaïo
31.449,-9.936,10,4.7,Zaïo
34.999,-3.413,27.9,4.3,Zaïo
35.205,-6.242,10,3.2,Zaïo
35.43,-3.789,33,3.5,Zaïo
35.44,-3.82,33,3.8,Zaïo
35.426,-3.76,33,3.2,Zaïo
35.484,-3.785,30.2,4.6,Zaïo
33.488,-4.101,10,3.7,Zaïo
35.636,-5.763,86.9,3.5,Zaïo
35.384,-3.622,10,3.1,Zaïo
35.403,-3.618,15.6,4.3,Zaïo
35.408,-3.52,10,3.8,Zaïo
35.373,-3.691,10,3.7,Zaïo
35.384,-3.543,10,3.4,Zaïo
35.757,-5.122,10,3.2,Zaïo
35.651,-3.932,10,3.3,Zaïo
35.071,-4.691,33,3.3,Zaïo
32.079,-5.394,10,4.2,Zaïo
31.999,-5.318,22.2,5.2,Zaïo
31.996,-5.389,10,4.2,Zaïo
35.127,-4.292,10,3.2,Zaïo
34.733,-4.541,78.5,4.6,Zaïo
34.864,-5.137,33,4.5,Zaïo
35.879,-2.182,10,4.3,Zaïo
32.952,-5.344,10,4,Zaïo
34.982,-4.38,10,4.3,Zaïo
33.642,-5.262,33,4.6,Caïdat Dir
33.572,-3.55,33,4.4,Caïdat Dir
34.915,-4.131,33,3.5,Caïdat Dir
35.591,-3.735,31,4.4,Caïdat Dir
33.611,-3.79,39,4.3,Caïdat Dir
34.642,-4.073,19,4.6,Caïdat Dir
34.909,-3.821,15,5.24,Caïdat Dir
31.385,-6.181,15,5.14,Caïdat Dir
34.863,-5.438,15,5.15,Caïdat Dir
30.434,-9.624,10,5.91,Caïdat Dir
30.9682,-8.3749,9.688,4.6,Al Haouz
31.022,-8.4543,10,4,Oukaimeden
31.0451,-8.4611,10,4.2,Al Haouz
30.9061,-8.4769,10,4.9,Taroudant
31.0731,-8.4065,18,6.8,Oukaimeden
35.0303,-3.9547,15.028,4.5,Bni Bouayach
35.0177,-3.8262,10,4.4,Bni Bouayach
35.0455,-3.8846,10,4.1,Bni Bouayach